buyerAvailableOptions[0].actionType,buyerAvailableOptions[0].actionURL,buyerLoginName,buyerResponseDue.activityDue,buyerResponseDue.respondByDate.value,buyerTotalRefund.actualRefundAmount.currency,buyerTotalRefund.actualRefundAmount.value,buyerTotalRefund.estimatedRefundAmount.currency,buyerTotalRefund.estimatedRefundAmount.value,creationInfo.comments.content,creationInfo.creationDate.value,creationInfo.item.itemId,creationInfo.item.returnQuantity,creationInfo.item.transactionId,creationInfo.reason,creationInfo.reasonType,creationInfo.type,currentType,escalationInfo.buyerEscalationEligibilityInfo.eligible,escalationInfo.sellerEscalationEligibilityInfo.eligible,escalationInfo.sellerEscalationEligibilityInfo.endTime.value,escalationInfo.sellerEscalationEligibilityInfo.startTime.value,orderId,returnId,returnPolicy.rmarequired,sellerAvailableOptions[0].actionType,sellerAvailableOptions[0].actionURL,sellerLoginName,sellerResponseDue.activityDue,sellerResponseDue.respondByDate.value,sellerTotalRefund.actualRefundAmount.currency,sellerTotalRefund.actualRefundAmount.value,sellerTotalRefund.estimatedRefundAmount.currency,sellerTotalRefund.estimatedRefundAmount.value,state,status,timeoutDate.value
BUYER_PRINT_SHIPPING_LABEL,https://www.ebay.com/rtn/Return/ReturnsDetail?returnId=5304690748,dadper-httpnepkq,OTHER,,,,USD,37.84,,2025-11-02T03:52:19.000Z,403347253802,1,10075648155403,WRONG_SIZE,REMORSE,MONEY_BACK,MONEY_BACK,False,False,,,03-13582-72115,5304690748,True,OTHER,https://www.ebay.com/rtn/Return/ReturnsDetail?returnId=5304690748,espartsplus,SELLER_APPROVE_REQUEST,2025-11-07T07:59:59.000Z,,,USD,35.49,CLOSED,CLOSED,2025-12-10T07:59:59.999Z
BUYER_PRINT_SHIPPING_LABEL,https://www.ebay.com/rtn/Return/ReturnsDetail?returnId=5304718677,marcolivare-2,BUYER_ESCALATE,2025-12-09T07:59:59.000Z,USD,130.24,USD,130.24,,2025-11-02T18:07:19.000Z,404581848066,1,10076036404702,ORDERED_WRONG_ITEM,REMORSE,MONEY_BACK,MONEY_BACK,False,False,,,02-13756-66711,5304718677,True,OTHER,https://www.ebay.com/rtn/Return/ReturnsDetail?returnId=5304718677,espartsplus,SELLER_ISSUE_REFUND,2025-11-19T07:59:59.000Z,USD,119.45,USD,119.45,CLOSED,CLOSED,2025-12-10T07:59:59.999Z
BUYER_PRINT_SHIPPING_LABEL,https://www.ebay.com/rtn/Return/ReturnsDetail?returnId=5304729815,stepanstasiuk,NOTIFIED_SHIPPED,2025-11-20T07:59:59.000Z,USD,96.2,USD,96.2,Doesn’t fit on center in my 2015 Audi q7 premium plus ,2025-11-02T21:55:21.000Z,405034123085,1,10075452154922,NOT_AS_DESCRIBED,SNAD,MONEY_BACK,MONEY_BACK,False,False,,,22-13632-30433,5304729815,True,OTHER,https://www.ebay.com/rtn/Return/ReturnsDetail?returnId=5304729815,espartsplus,SELLER_ISSUE_REFUND,2025-11-18T07:59:59.000Z,USD,44.75,USD,89.49,CLOSED,CLOSED,2025-12-10T07:59:59.999Z
BUYER_PRINT_SHIPPING_LABEL,https://www.ebay.com/rtn/Return/ReturnsDetail?returnId=5304733518,829brian,BUYER_ESCALATE,2025-12-10T07:59:59.000Z,USD,21.62,USD,21.62,These do not fit our 2026 Camry,2025-11-02T23:33:50.000Z,405020634518,1,10076341085904,DOES_NOT_FIT,SNAD,MONEY_BACK,MONEY_BACK,False,False,,,04-13756-65635,5304733518,True,OTHER,https://www.ebay.com/rtn/Return/ReturnsDetail?returnId=5304733518,espartsplus,SELLER_ISSUE_REFUND,2025-11-20T07:59:59.000Z,USD,20.49,USD,20.49,CLOSED,CLOSED,2025-12-10T07:59:59.999Z
BUYER_PRINT_SHIPPING_LABEL,https://www.ebay.com/rtn/Return/ReturnsDetail?returnId=5304744365,rober.colwe,NOTIFIED_SHIPPED,2025-11-20T07:59:59.000Z,USD,25.23,USD,25.23,,2025-11-03T07:16:22.000Z,404097709970,1,10075742893224,ORDERED_WRONG_ITEM,REMORSE,MONEY_BACK,MONEY_BACK,False,False,,,24-13739-20412,5304744365,True,OTHER,https://www.ebay.com/rtn/Return/ReturnsDetail?returnId=5304744365,espartsplus,SELLER_ISSUE_REFUND,2025-11-11T07:59:59.000Z,USD,18.99,USD,22.99,CLOSED,CLOSED,2025-12-10T07:59:59.999Z
BUYER_PRINT_SHIPPING_LABEL,https://www.ebay.com/rtn/Return/ReturnsDetail?returnId=5304793998,charleshepher56,BUYER_ESCALATE,2025-12-06T07:59:59.000Z,USD,18.11,USD,21.31,,2025-11-03T19:27:08.000Z,403303064335,1,10075916052902,NO_LONGER_NEED_ITEM,REMORSE,MONEY_BACK,MONEY_BACK,False,False,,,02-13735-34807,5304793998,True,OTHER,https://www.ebay.com/rtn/Return/ReturnsDetail?returnId=5304793998,espartsplus,SELLER_ISSUE_REFUND,2025-11-25T07:59:59.000Z,USD,16.99,USD,19.99,CLOSED,CLOSED,2025-12-10T07:59:59.999Z
BUYER_PRINT_SHIPPING_LABEL,https://www.ebay.com/rtn/Return/ReturnsDetail?returnId=5304812404,svperformance2024,BUYER_ESCALATE,2025-12-04T07:59:59.000Z,USD,21.77,USD,21.77,,2025-11-03T22:54:15.000Z,404482217750,1,10080007097027,WRONG_SIZE,REMORSE,MONEY_BACK,MONEY_BACK,False,False,,,27-13734-88892,5304812404,True,OTHER,https://www.ebay.com/rtn/Return/ReturnsDetail?returnId=5304812404,espartsplus,SELLER_ISSUE_REFUND,2025-11-14T07:59:59.000Z,USD,19.99,USD,19.99,CLOSED,CLOSED,2025-12-10T07:59:59.999Z
BUYER_PRINT_SHIPPING_LABEL,https://www.ebay.com/rtn/Return/ReturnsDetail?returnId=5304873430,pfr_ski_9wccpji,NOTIFIED_SHIPPED,2025-11-20T07:59:59.000Z,USD,21.74,USD,21.74,Have tried several times to contact the seller communicate the problem with no response.  Ordered CHORME lug locks got BLACK. Posting says chrome I wanted chrome got black. The taper on the locks doesn&#39;t look the same as the stock lug nut. Seller needs to issue a 100&#37; refund and a prepaid shipping label it was his mistake not mine. Thank God for Ebay! Usually everything goes great on Ebay but every once in a while someone isn&#39;t honest. Please 🙏 get this resolved ASAP THANK YOU ,2025-11-04T17:40:50.000Z,404455728019,1,10080787620607,NOT_AS_DESCRIBED,SNAD,MONEY_BACK,MONEY_BACK,False,False,,,07-13738-54526,5304873430,True,OTHER,https://www.ebay.com/rtn/Return/ReturnsDetail?returnId=5304873430,espartsplus,SELLER_ISSUE_REFUND,2025-11-13T07:59:59.000Z,USD,19.99,USD,19.99,CLOSED,CLOSED,2025-12-11T07:59:59.999Z
BUYER_PRINT_SHIPPING_LABEL,https://www.ebay.com/rtn/Return/ReturnsDetail?returnId=5304902303,kyoto-01,NOTIFIED_SHIPPED,2025-11-22T07:59:59.000Z,,,USD,22.29,,2025-11-05T00:05:11.000Z,405011152537,1,10077974948613,ORDERED_WRONG_ITEM,REMORSE,MONEY_BACK,MONEY_BACK,False,False,,,13-13758-16028,5304902303,True,OTHER,https://www.ebay.com/rtn/Return/ReturnsDetail?returnId=5304902303,espartsplus,SELLER_PROVIDE_RMA,2025-11-29T07:59:59.000Z,,,USD,19.99,CLOSED,CLOSED,2025-12-11T07:59:59.999Z
BUYER_PRINT_SHIPPING_LABEL,https://www.ebay.com/rtn/Return/ReturnsDetail?returnId=5304907287,dustind_428,BUYER_ESCALATE,2025-12-03T07:59:59.000Z,USD,17.47,USD,21.84,,2025-11-05T01:55:34.000Z,404200446510,1,10076188154404,WRONG_SIZE,REMORSE,MONEY_BACK,MONEY_BACK,False,False,,,04-13729-75203,5304907287,True,OTHER,https://www.ebay.com/rtn/Return/ReturnsDetail?returnId=5304907287,espartsplus,SELLER_ISSUE_REFUND,2025-11-20T07:59:59.000Z,USD,15.99,USD,19.99,CLOSED,CLOSED,2025-12-11T07:59:59.999Z
BUYER_PRINT_SHIPPING_LABEL,https://www.ebay.com/rtn/Return/ReturnsDetail?returnId=5304911789,7654232007,NOTIFIED_SHIPPED,2025-11-26T07:59:59.000Z,USD,24.67,USD,24.67,,2025-11-05T04:14:27.000Z,404694911932,1,10076581122216,WRONG_SIZE,REMORSE,MONEY_BACK,MONEY_BACK,False,False,,,16-13739-72060,5304911789,True,OTHER,https://www.ebay.com/rtn/Return/ReturnsDetail?returnId=5304911789,espartsplus,SELLER_ISSUE_REFUND,2025-11-19T07:59:59.000Z,USD,19.0,USD,23.0,CLOSED,CLOSED,2025-12-11T07:59:59.999Z
BUYER_PRINT_SHIPPING_LABEL,https://www.ebay.com/rtn/Return/ReturnsDetail?returnId=5304987510,ccboykins74clifford,BUYER_ESCALATE,2025-12-10T07:59:59.000Z,USD,55.35,USD,55.35,Hub height on spacer is Not tall enough ,2025-11-06T00:28:15.000Z,403446448797,1,10075858596624,DOES_NOT_FIT,SNAD,MONEY_BACK,MONEY_BACK,False,False,,,24-13759-40533,5304987510,True,OTHER,https://www.ebay.com/rtn/Return/ReturnsDetail?returnId=5304987510,espartsplus,SELLER_ISSUE_REFUND,2025-11-20T07:59:59.000Z,USD,51.49,USD,51.49,CLOSED,CLOSED,2025-12-12T07:59:59.999Z
BUYER_PRINT_SHIPPING_LABEL,https://www.ebay.com/rtn/Return/ReturnsDetail?returnId=5304995802,johguillor_8,NOTIFIED_SHIPPED,2025-11-26T07:59:59.000Z,,,USD,17.67,,2025-11-06T04:08:51.000Z,404482870406,1,10076024587101,NO_LONGER_NEED_ITEM,REMORSE,MONEY_BACK,MONEY_BACK,False,False,,,01-13790-90124,5304995802,True,OTHER,https://www.ebay.com/rtn/Return/ReturnsDetail?returnId=5304995802,espartsplus,SELLER_PROVIDE_LABEL,2025-12-03T07:59:59.000Z,,,USD,15.99,CLOSED,CLOSED,2025-12-12T07:59:59.999Z
BUYER_PRINT_SHIPPING_LABEL,https://www.ebay.ca/rtn/Return/ReturnsDetail?returnId=5305042941,lotarh,NOTIFIED_SHIPPED,2025-11-22T04:59:59.000Z,,,USD,54.59,,2025-11-06T18:00:43.000Z,403441086876,1,10075718116024,WRONG_SIZE,REMORSE,MONEY_BACK,MONEY_BACK,False,False,,,24-13734-82922,5305042941,True,,,espartsplus,SELLER_APPROVE_REQUEST,2025-11-28T04:59:59.000Z,,,USD,51.99,CLOSED,CLOSED,2025-12-12T04:59:59.999Z
BUYER_PRINT_SHIPPING_LABEL,https://www.ebay.com/rtn/Return/ReturnsDetail?returnId=5305062711,packinship,BUYER_ESCALATE,2025-12-10T07:59:59.000Z,USD,23.58,USD,23.58,Description state it fit 2021 Audi etron Sportback but bolt head is too small to hold wheel. see attached photos.,2025-11-06T21:50:19.000Z,405064070639,1,10076810173312,DOES_NOT_FIT,SNAD,MONEY_BACK,MONEY_BACK,False,False,,,12-13774-38967,5305062711,True,OTHER,https://www.ebay.com/rtn/Return/ReturnsDetail?returnId=5305062711,espartsplus,SELLER_ISSUE_REFUND,2025-11-20T07:59:59.000Z,USD,21.99,USD,21.99,CLOSED,CLOSED,2025-12-13T07:59:59.999Z
BUYER_PRINT_SHIPPING_LABEL,https://www.ebay.com/rtn/Return/ReturnsDetail?returnId=5305152457,ctrpwr2013,NOTIFIED_SHIPPED,2025-11-26T07:59:59.000Z,USD,21.94,USD,21.94,,2025-11-07T23:39:46.000Z,404200446525,1,10076157661605,NO_LONGER_NEED_ITEM,REMORSE,MONEY_BACK,MONEY_BACK,False,False,,,05-13784-92870,5305152457,True,OTHER,https://www.ebay.com/rtn/Return/ReturnsDetail?returnId=5305152457,espartsplus,SELLER_ISSUE_REFUND,2025-11-19T07:59:59.000Z,USD,15.99,USD,19.99,CLOSED,CLOSED,2025-12-16T07:59:59.999Z
BUYER_PRINT_SHIPPING_LABEL,https://www.ebay.com/rtn/Return/ReturnsDetail?returnId=5305157387,elimec,NOTIFIED_SHIPPED,2025-11-26T07:59:59.000Z,USD,56.02,USD,56.02,I ordered 10mm spacers these are 12mm ,2025-11-08T01:31:31.000Z,403444345567,1,10081095287207,NOT_AS_DESCRIBED,SNAD,MONEY_BACK,MONEY_BACK,False,False,,,07-13792-16653,5305157387,True,OTHER,https://www.ebay.com/rtn/Return/ReturnsDetail?returnId=5305157387,espartsplus,SELLER_ISSUE_REFUND,2025-11-18T07:59:59.000Z,USD,51.99,USD,51.99,CLOSED,CLOSED,2025-12-16T07:59:59.999Z
BUYER_PRINT_SHIPPING_LABEL,https://www.ebay.com/rtn/Return/ReturnsDetail?returnId=5305208752,joarro8202,BUYER_ESCALATE,2025-12-23T07:59:59.000Z,USD,36.12,USD,36.12,These do not fit the 2024 gx550 premium +. The lug bolt is much thicker than what these lug nuts will fit. ,2025-11-08T19:34:18.000Z,404804599891,1,10079760382727,DOES_NOT_FIT,SNAD,MONEY_BACK,MONEY_BACK,False,False,,,27-13691-85456,5305208752,True,OTHER,https://www.ebay.com/rtn/Return/ReturnsDetail?returnId=5305208752,espartsplus,SELLER_ISSUE_REFUND,2025-12-04T07:59:59.000Z,USD,32.99,USD,32.99,CLOSED,CLOSED,2025-12-17T07:59:59.999Z
BUYER_PRINT_SHIPPING_LABEL,https://www.ebay.com/rtn/Return/ReturnsDetail?returnId=5305229585,loki1374,BUYER_ESCALATE,2025-12-16T07:59:59.000Z,USD,19.78,USD,22.99,,2025-11-09T02:49:52.000Z,404595509649,1,10075837442008,WRONG_SIZE,REMORSE,MONEY_BACK,MONEY_BACK,False,False,,,08-13753-32983,5305229585,True,OTHER,https://www.ebay.com/rtn/Return/ReturnsDetail?returnId=5305229585,espartsplus,SELLER_ISSUE_REFUND,2025-12-04T07:59:59.000Z,USD,18.49,USD,21.49,CLOSED,CLOSED,2025-12-17T07:59:59.999Z
BUYER_PRINT_SHIPPING_LABEL,https://www.ebay.com/rtn/Return/ReturnsDetail?returnId=5305348172,damiannnnnn,NOTIFIED_SHIPPED,2025-12-03T07:59:59.000Z,USD,21.59,USD,21.59,,2025-11-10T21:53:40.000Z,404200451103,1,10076847628315,WRONG_SIZE,REMORSE,MONEY_BACK,MONEY_BACK,False,False,,,15-13783-26581,5305348172,True,OTHER,https://www.ebay.com/rtn/Return/ReturnsDetail?returnId=5305348172,espartsplus,SELLER_ISSUE_REFUND,2025-11-27T07:59:59.000Z,USD,15.99,USD,19.99,CLOSED,CLOSED,2025-12-17T07:59:59.999Z
BUYER_PRINT_SHIPPING_LABEL,https://www.ebay.com/rtn/Return/ReturnsDetail?returnId=5305358173,seun_884918,BUYER_ESCALATE,2025-12-18T07:59:59.000Z,USD,22.03,USD,22.03,,2025-11-11T00:06:16.000Z,405011152537,1,10076350525402,WRONG_SIZE,REMORSE,MONEY_BACK,MONEY_BACK,False,False,,,02-13811-50349,5305358173,True,OTHER,https://www.ebay.com/rtn/Return/ReturnsDetail?returnId=5305358173,espartsplus,SELLER_ISSUE_REFUND,2025-11-29T07:59:59.000Z,USD,19.99,USD,19.99,CLOSED,CLOSED,2025-12-17T07:59:59.999Z
BUYER_PRINT_SHIPPING_LABEL,https://www.ebay.com/rtn/Return/ReturnsDetail?returnId=5305370090,tazzuriel,NOTIFIED_SHIPPED,2025-12-03T07:59:59.000Z,USD,75.22,USD,75.22,,2025-11-11T04:23:30.000Z,403541784199,1,10076656238214,WRONG_SIZE,REMORSE,MONEY_BACK,MONEY_BACK,False,False,,,14-13754-92922,5305370090,True,OTHER,https://www.ebay.com/rtn/Return/ReturnsDetail?returnId=5305370090,espartsplus,SELLER_ISSUE_REFUND,2025-11-27T07:59:59.000Z,USD,69.49,USD,69.49,CLOSED,CLOSED,2025-12-17T07:59:59.999Z
BUYER_PRINT_SHIPPING_LABEL,https://www.ebay.com/rtn/Return/ReturnsDetail?returnId=5305399655,loki1374,BUYER_ESCALATE,2025-12-16T07:59:59.000Z,USD,18.19,USD,21.4,,2025-11-11T15:15:40.000Z,404595509649,1,10075483043525,WRONG_SIZE,REMORSE,MONEY_BACK,MONEY_BACK,False,False,,,25-13707-49786,5305399655,True,OTHER,https://www.ebay.com/rtn/Return/ReturnsDetail?returnId=5305399655,espartsplus,SELLER_ISSUE_REFUND,2025-12-04T07:59:59.000Z,USD,17.0,USD,20.0,CLOSED,CLOSED,2025-12-18T07:59:59.999Z
BUYER_PRINT_SHIPPING_LABEL,https://www.ebay.com/rtn/Return/ReturnsDetail?returnId=5305601715,lila1001,BUYER_ESCALATE,2025-12-18T07:59:59.000Z,USD,24.75,USD,24.75,,2025-11-13T22:04:25.000Z,404869108960,1,10076746209110,ORDERED_WRONG_ITEM,REMORSE,MONEY_BACK,MONEY_BACK,False,False,,,10-13769-11439,5305601715,True,OTHER,https://www.ebay.com/rtn/Return/ReturnsDetail?returnId=5305601715,espartsplus,SELLER_ISSUE_REFUND,2025-11-29T07:59:59.000Z,USD,22.45,USD,22.45,CLOSED,CLOSED,2025-12-19T07:59:59.999Z
BUYER_PRINT_SHIPPING_LABEL,https://www.ebay.com/rtn/Return/ReturnsDetail?returnId=5305740383,timdog_27,OTHER,,USD,21.19,USD,21.19,"Does not grip the key well , poor quality ",2025-11-15T18:36:55.000Z,404455741919,1,10076944875210,DEFECTIVE_ITEM,SNAD,MONEY_BACK,MONEY_BACK,False,False,,,10-13800-81925,5305740383,True,OTHER,https://www.ebay.com/rtn/Return/ReturnsDetail?returnId=5305740383,espartsplus,SELLER_PROVIDE_LABEL,2025-11-21T07:59:59.000Z,USD,19.99,USD,19.99,CLOSED,CLOSED,2025-12-23T07:59:59.999Z
BUYER_PRINT_SHIPPING_LABEL,https://www.ebay.com/rtn/Return/ReturnsDetail?returnId=5305740509,brhus351,BUYER_ESCALATE,2025-12-18T07:59:59.000Z,USD,38.33,USD,38.33,the lug bolts are too long. would like to exchange for shorter ones ,2025-11-15T18:38:39.000Z,404549226031,1,10076179784320,DOES_NOT_FIT,SNAD,MONEY_BACK,MONEY_BACK,False,False,,,20-13808-29333,5305740509,True,OTHER,https://www.ebay.com/rtn/Return/ReturnsDetail?returnId=5305740509,espartsplus,SELLER_ISSUE_REFUND,2025-11-29T07:59:59.000Z,USD,35.49,USD,35.49,CLOSED,CLOSED,2025-12-23T07:59:59.999Z
BUYER_PRINT_SHIPPING_LABEL,https://www.ebay.com/rtn/Return/ReturnsDetail?returnId=5305744710,gugogia0,NOTIFIED_SHIPPED,2025-12-03T07:59:59.000Z,,,USD,55.11,,2025-11-15T19:40:21.000Z,403444345567,1,10077038078211,WRONG_SIZE,REMORSE,MONEY_BACK,MONEY_BACK,False,False,,,11-13806-25814,5305744710,True,OTHER,https://www.ebay.com/rtn/Return/ReturnsDetail?returnId=5305744710,espartsplus,SELLER_PROVIDE_LABEL,2025-12-09T07:59:59.000Z,,,USD,51.99,CLOSED,CLOSED,2025-12-23T07:59:59.999Z
BUYER_PRINT_SHIPPING_LABEL,https://www.ebay.com/rtn/Return/ReturnsDetail?returnId=5305763086,yinghu-21,NOTIFIED_SHIPPED,2025-12-03T07:59:59.000Z,,,USD,29.34,,2025-11-16T01:53:00.000Z,404596429952,1,10076308417123,ORDERED_WRONG_ITEM,REMORSE,MONEY_BACK,MONEY_BACK,False,False,,,23-13789-13930,5305763086,True,OTHER,https://www.ebay.com/rtn/Return/ReturnsDetail?returnId=5305763086,espartsplus,SELLER_PROVIDE_LABEL,2025-12-09T07:59:59.000Z,,,USD,26.95,CLOSED,CLOSED,2025-12-23T07:59:59.999Z
BUYER_PRINT_SHIPPING_LABEL,https://www.ebay.com/rtn/Return/ReturnsDetail?returnId=5305768306,elsapupo,NOTIFIED_SHIPPED,2025-12-03T07:59:59.000Z,USD,19.26,USD,19.26,,2025-11-16T05:55:13.000Z,404738435251,1,10077001144512,WRONG_SIZE,REMORSE,MONEY_BACK,MONEY_BACK,False,True,2026-01-23T07:59:59.999Z,2025-12-06T08:03:28.000Z,12-13804-95876,5305768306,True,OTHER,https://www.ebay.com/rtn/Return/ReturnsDetail?returnId=5305768306,espartsplus,SELLER_ISSUE_REFUND,2025-12-06T07:59:59.000Z,USD,18.0,USD,18.0,CLOSED,CLOSED,2025-12-23T07:59:59.999Z
BUYER_PRINT_SHIPPING_LABEL,https://www.ebay.com/rtn/Return/ReturnsDetail?returnId=5305786212,ji651239,BUYER_ESCALATE,2025-12-16T07:59:59.000Z,USD,102.71,USD,108.06,,2025-11-16T15:26:14.000Z,404964237317,1,10076691331706,NO_LONGER_NEED_ITEM,REMORSE,MONEY_BACK,MONEY_BACK,False,False,,,06-13757-78982,5305786212,True,OTHER,https://www.ebay.com/rtn/Return/ReturnsDetail?returnId=5305786212,espartsplus,SELLER_ISSUE_REFUND,2025-12-04T07:59:59.000Z,USD,95.99,USD,100.99,CLOSED,CLOSED,2025-12-23T07:59:59.999Z
BUYER_PRINT_SHIPPING_LABEL,https://www.ebay.com/rtn/Return/ReturnsDetail?returnId=5305801326,gsxr-mil,NOTIFIED_SHIPPED,2025-12-03T07:59:59.000Z,USD,20.14,USD,20.14,,2025-11-16T20:06:56.000Z,404455741884,1,10078299828313,WRONG_SIZE,REMORSE,MONEY_BACK,MONEY_BACK,False,False,,,13-13809-90907,5305801326,True,OTHER,https://www.ebay.com/rtn/Return/ReturnsDetail?returnId=5305801326,espartsplus,SELLER_ISSUE_REFUND,2025-11-27T07:59:59.000Z,USD,19.0,USD,19.0,CLOSED,CLOSED,2025-12-23T07:59:59.999Z
BUYER_PRINT_SHIPPING_LABEL,https://www.ebay.com/rtn/Return/ReturnsDetail?returnId=5305814494,pwong319,NOTIFIED_SHIPPED,2025-12-03T07:59:59.000Z,USD,21.87,USD,21.87,These look ridiculous sticking out. ,2025-11-17T01:49:13.000Z,404454305084,1,10076398173823,DOES_NOT_FIT,SNAD,MONEY_BACK,MONEY_BACK,False,False,,,23-13804-67731,5305814494,True,OTHER,https://www.ebay.com/rtn/Return/ReturnsDetail?returnId=5305814494,espartsplus,SELLER_ISSUE_REFUND,2025-11-25T07:59:59.000Z,USD,19.99,USD,19.99,CLOSED,CLOSED,2025-12-23T07:59:59.999Z
BUYER_PRINT_SHIPPING_LABEL,https://www.ebay.com/rtn/Return/ReturnsDetail?returnId=5305814787,frankciccio9469,NOTIFIED_SHIPPED,2025-12-03T07:59:59.000Z,USD,30.2,USD,30.2,,2025-11-17T01:59:02.000Z,403347185667,1,10076294018204,ORDERED_WRONG_ITEM,REMORSE,MONEY_BACK,MONEY_BACK,False,False,,,04-13748-37798,5305814787,True,OTHER,https://www.ebay.com/rtn/Return/ReturnsDetail?returnId=5305814787,espartsplus,SELLER_ISSUE_REFUND,2025-12-03T07:59:59.000Z,USD,24.49,USD,28.49,CLOSED,CLOSED,2025-12-23T07:59:59.999Z
BUYER_PRINT_SHIPPING_LABEL,https://www.ebay.com/rtn/Return/ReturnsDetail?returnId=5305855742,robrho-90,NOTIFIED_SHIPPED,2025-12-03T07:59:59.000Z,,,USD,122.5,No,2025-11-17T16:43:10.000Z,403541791679,1,10076130578209,DOES_NOT_FIT,SNAD,MONEY_BACK,MONEY_BACK,False,False,,,09-13815-46973,5305855742,True,OTHER,https://www.ebay.com/rtn/Return/ReturnsDetail?returnId=5305855742,espartsplus,SELLER_PROVIDE_LABEL,2025-12-09T07:59:59.000Z,,,USD,114.49,CLOSED,CLOSED,2025-12-23T07:59:59.999Z
BUYER_PRINT_SHIPPING_LABEL,https://www.ebay.com/rtn/Return/ReturnsDetail?returnId=5305953111,supercarcentral,NOTIFIED_SHIPPED,2025-12-06T07:59:59.000Z,USD,69.49,USD,69.49,doesnt fit,2025-11-18T17:50:49.000Z,403541784199,1,10077000445012,NOT_AS_DESCRIBED,SNAD,MONEY_BACK,MONEY_BACK,False,False,,,12-13804-84326,5305953111,True,OTHER,https://www.ebay.com/rtn/Return/ReturnsDetail?returnId=5305953111,espartsplus,SELLER_ISSUE_REFUND,2025-12-04T07:59:59.000Z,USD,48.65,USD,69.49,CLOSED,CLOSED,2025-12-24T07:59:59.999Z
BUYER_PRINT_SHIPPING_LABEL,https://www.ebay.com/rtn/Return/ReturnsDetail?returnId=5306073735,2236158,BUYER_ESCALATE,2025-12-18T07:59:59.000Z,USD,21.49,USD,21.49,They do not thread on correctly.Feels like a bad fit like I ll strip the studs!,2025-11-20T01:42:08.000Z,404455741972,1,10077182598011,DOES_NOT_FIT,SNAD,MONEY_BACK,MONEY_BACK,False,False,,,11-13829-43309,5306073735,True,OTHER,https://www.ebay.com/rtn/Return/ReturnsDetail?returnId=5306073735,espartsplus,SELLER_ISSUE_REFUND,2025-11-29T07:59:59.000Z,USD,19.99,USD,19.99,CLOSED,CLOSED,2025-12-25T07:59:59.999Z
BUYER_PRINT_SHIPPING_LABEL,https://www.ebay.com/rtn/Return/ReturnsDetail?returnId=5306136507,05086768craig,NOTIFIED_SHIPPED,2025-12-06T07:59:59.000Z,USD,36.03,USD,36.03,d not fit,2025-11-20T19:55:21.000Z,404371699667,1,10076474544104,DOES_NOT_FIT,SNAD,MONEY_BACK,MONEY_BACK,False,False,,,04-13779-93654,5306136507,True,OTHER,https://www.ebay.com/rtn/Return/ReturnsDetail?returnId=5306136507,espartsplus,SELLER_ISSUE_REFUND,2025-12-03T07:59:59.000Z,USD,33.99,USD,33.99,CLOSED,CLOSED,2025-12-27T07:59:59.999Z
BUYER_PRINT_SHIPPING_LABEL,https://www.ebay.com/rtn/Return/ReturnsDetail?returnId=5306157944,norbertrodrigue-0,NOTIFIED_SHIPPED,2025-12-06T07:59:59.000Z,USD,34.52,USD,34.52,it don&#39;t sit right on rim,2025-11-21T01:12:12.000Z,404804650028,1,10076399085715,DOES_NOT_FIT,SNAD,MONEY_BACK,MONEY_BACK,False,False,,,15-13711-75885,5306157944,True,OTHER,https://www.ebay.com/rtn/Return/ReturnsDetail?returnId=5306157944,espartsplus,SELLER_ISSUE_REFUND,2025-12-03T07:59:59.000Z,USD,31.99,USD,31.99,CLOSED,CLOSED,2025-12-27T07:59:59.999Z
BUYER_PRINT_SHIPPING_LABEL,https://www.ebay.com/rtn/Return/ReturnsDetail?returnId=5306164488,danvaz6,BUYER_ESCALATE,2025-12-31T07:59:59.000Z,USD,23.8,USD,23.8,,2025-11-21T04:09:30.000Z,405064070639,1,10076125721726,ORDERED_WRONG_ITEM,REMORSE,MONEY_BACK,MONEY_BACK,False,False,,,26-13818-79737,5306164488,True,OTHER,https://www.ebay.com/rtn/Return/ReturnsDetail?returnId=5306164488,espartsplus,SELLER_ISSUE_REFUND,2025-12-11T07:59:59.000Z,USD,21.99,USD,21.99,CLOSED,CLOSED,2025-12-27T07:59:59.999Z
BUYER_PRINT_SHIPPING_LABEL,https://www.ebay.com/rtn/Return/ReturnsDetail?returnId=5306199287,mrgbii,NOTIFIED_SHIPPED,2025-12-11T07:59:59.000Z,USD,21.39,USD,21.39,Doesn’t fit snug between lock and key,2025-11-21T15:47:14.000Z,404455741919,1,10076928563315,DOES_NOT_FIT,SNAD,MONEY_BACK,MONEY_BACK,False,False,,,15-13796-46762,5306199287,True,OTHER,https://www.ebay.com/rtn/Return/ReturnsDetail?returnId=5306199287,espartsplus,SELLER_ISSUE_REFUND,2025-12-11T07:59:59.000Z,USD,19.99,USD,19.99,CLOSED,CLOSED,2025-12-30T07:59:59.999Z
BUYER_PRINT_SHIPPING_LABEL,https://www.ebay.com/rtn/Return/ReturnsDetail?returnId=5306235169,anytime-78,NOTIFIED_SHIPPED,2025-12-11T07:59:59.000Z,USD,105.55,USD,105.55,so I got 2 sets of spacers from you guys the 1.25 fit perfectly no issues what so ever but unfortunately these ones the 15mm do not fit at all I can&#39;t get them over the center bore on the car side they don&#39;t seem to fit unfortunately ,2025-11-21T23:18:39.000Z,403464704391,1,10077260049011,NOT_AS_DESCRIBED,SNAD,MONEY_BACK,MONEY_BACK,False,False,,,11-13841-51893,5306235169,True,OTHER,https://www.ebay.com/rtn/Return/ReturnsDetail?returnId=5306235169,espartsplus,SELLER_ISSUE_REFUND,2025-12-04T07:59:59.000Z,USD,49.65,USD,99.29,CLOSED,CLOSED,2025-12-30T07:59:59.999Z
BUYER_PRINT_SHIPPING_LABEL,https://www.ebay.com/rtn/Return/ReturnsDetail?returnId=5306275727,dflv2793,BUYER_ESCALATE,2025-12-31T07:59:59.000Z,USD,21.19,USD,21.19,,2025-11-22T15:33:38.000Z,405011206143,1,10076547596602,ORDERED_ACCIDENTALLY,REMORSE,MONEY_BACK,MONEY_BACK,False,False,,,02-13846-01732,5306275727,True,OTHER,https://www.ebay.com/rtn/Return/ReturnsDetail?returnId=5306275727,espartsplus,SELLER_ISSUE_REFUND,2025-12-11T07:59:59.000Z,USD,19.99,USD,19.99,CLOSED,CLOSED,2025-12-31T07:59:59.999Z
BUYER_PRINT_SHIPPING_LABEL,https://www.ebay.com/rtn/Return/ReturnsDetail?returnId=5306315547,elsapupo,NOTIFIED_SHIPPED,2025-12-11T07:59:59.000Z,USD,20.33,USD,20.33,You sent a different item,2025-11-23T04:03:16.000Z,404455741919,1,10076433494401,ORDERED_DIFFERENT_ITEM,SNAD,MONEY_BACK,MONEY_BACK,False,True,2026-01-23T07:59:59.999Z,2025-12-06T08:00:53.000Z,01-13862-28321,5306315547,True,OTHER,https://www.ebay.com/rtn/Return/ReturnsDetail?returnId=5306315547,espartsplus,SELLER_ISSUE_REFUND,2025-12-06T07:59:59.000Z,USD,19.0,USD,19.0,CLOSED,CLOSED,2025-12-31T07:59:59.999Z
BUYER_PRINT_SHIPPING_LABEL,https://www.ebay.com/rtn/Return/ReturnsDetail?returnId=5306317320,hb15080504,NOTIFIED_SHIPPED,2025-12-11T07:59:59.000Z,USD,44.58,USD,44.58,,2025-11-23T05:40:05.000Z,404535082875,1,10077005984906,NO_LONGER_NEED_ITEM,REMORSE,MONEY_BACK,MONEY_BACK,False,False,,,06-13812-91542,5306317320,True,OTHER,https://www.ebay.com/rtn/Return/ReturnsDetail?returnId=5306317320,espartsplus,SELLER_ISSUE_REFUND,2025-12-17T07:59:59.000Z,USD,37.99,USD,40.99,CLOSED,CLOSED,2025-12-31T07:59:59.999Z
BUYER_PRINT_SHIPPING_LABEL,https://www.ebay.com/rtn/Return/ReturnsDetail?returnId=5306387713,dscorey47,NOTIFIED_SHIPPED,2025-12-11T07:59:59.000Z,USD,21.49,USD,21.49,Threads are not cut deep enough and very hard to get the lug nuts started.  It would be very easy to cross thread these if I were to get the tires rotated.  They are with out a doubt defective!,2025-11-24T13:09:29.000Z,404200446494,1,10077070248706,DEFECTIVE_ITEM,SNAD,MONEY_BACK,MONEY_BACK,False,False,,,06-13823-96752,5306387713,True,OTHER,https://www.ebay.com/rtn/Return/ReturnsDetail?returnId=5306387713,espartsplus,SELLER_ISSUE_REFUND,2025-12-09T07:59:59.000Z,USD,19.99,USD,19.99,CLOSED,CLOSED,2025-12-31T07:59:59.999Z
BUYER_PRINT_SHIPPING_LABEL,https://www.ebay.com/rtn/Return/ReturnsDetail?returnId=5306408965,salvage2savagefinds,NOTIFIED_SHIPPED,2025-12-11T07:59:59.000Z,,,USD,31.94,,2025-11-24T17:26:29.000Z,404371692303,1,10076390997108,NO_LONGER_NEED_ITEM,REMORSE,MONEY_BACK,MONEY_BACK,False,False,,,08-13849-86503,5306408965,True,OTHER,https://www.ebay.com/rtn/Return/ReturnsDetail?returnId=5306408965,espartsplus,SELLER_PROVIDE_LABEL,2025-12-17T07:59:59.000Z,,,USD,29.99,CLOSED,CLOSED,2025-12-31T07:59:59.999Z
BUYER_PRINT_SHIPPING_LABEL,https://www.ebay.com/rtn/Return/ReturnsDetail?returnId=5306497337,timmy1198,NOTIFIED_SHIPPED,2025-12-11T07:59:59.000Z,USD,31.79,USD,31.79,Don’t fit,2025-11-25T17:22:13.000Z,404867551490,1,10076642831102,DOES_NOT_FIT,SNAD,MONEY_BACK,MONEY_BACK,False,True,2026-01-22T07:59:59.999Z,2025-12-05T08:00:43.000Z,02-13862-54203,5306497337,True,OTHER,https://www.ebay.com/rtn/Return/ReturnsDetail?returnId=5306497337,espartsplus,SELLER_ISSUE_REFUND,2025-12-05T07:59:59.000Z,USD,29.99,USD,29.99,CLOSED,CLOSED,2026-01-01T07:59:59.999Z
BUYER_PRINT_SHIPPING_LABEL,https://www.ebay.com/rtn/Return/ReturnsDetail?returnId=5306531831,superbikestore_llc,NOTIFIED_SHIPPED,2025-12-11T07:59:59.000Z,USD,41.29,USD,41.29,,2025-11-26T01:19:33.000Z,404753950665,1,10076250344124,WRONG_SIZE,REMORSE,MONEY_BACK,MONEY_BACK,False,False,,,24-13827-88467,5306531831,True,OTHER,https://www.ebay.com/rtn/Return/ReturnsDetail?returnId=5306531831,espartsplus,SELLER_ISSUE_REFUND,2025-12-04T07:59:59.000Z,USD,34.95,USD,38.95,CLOSED,CLOSED,2026-01-01T07:59:59.999Z
BUYER_PRINT_SHIPPING_LABEL,https://www.ebay.com/rtn/Return/ReturnsDetail?returnId=5306655296,idilo-0,NOTIFIED_SHIPPED,2025-12-16T07:59:59.000Z,USD,22.04,USD,22.04,,2025-11-27T17:16:21.000Z,404490913017,1,10077324957106,ORDERED_WRONG_ITEM,REMORSE,MONEY_BACK,MONEY_BACK,False,False,,,06-13868-67760,5306655296,True,OTHER,https://www.ebay.com/rtn/Return/ReturnsDetail?returnId=5306655296,espartsplus,SELLER_ISSUE_REFUND,2025-12-16T07:59:59.000Z,USD,19.99,USD,19.99,CLOSED,CLOSED,2026-01-06T07:59:59.999Z
BUYER_PRINT_SHIPPING_LABEL,https://www.ebay.com/rtn/Return/ReturnsDetail?returnId=5306724723,clev453,BUYER_ESCALATE,2026-01-08T07:59:59.000Z,USD,36.96,USD,36.96,It’s the wrong item. I ordered black lug nuts but I received chrome lug nuts. ,2025-11-28T18:54:51.000Z,404371701337,1,10077312288514,ORDERED_DIFFERENT_ITEM,SNAD,MONEY_BACK,MONEY_BACK,False,False,,,14-13860-20957,5306724723,True,OTHER,https://www.ebay.com/rtn/Return/ReturnsDetail?returnId=5306724723,espartsplus,SELLER_ISSUE_REFUND,2025-12-18T07:59:59.000Z,USD,33.99,USD,33.99,CLOSED,CLOSED,2026-01-06T07:59:59.999Z
